USE 4lapy;

-- MariaDB dump 10.19  Distrib 10.5.12-MariaDB, for Linux (x86_64)
--
-- Host: mysql.hostinger.ro    Database: u574849695_23
-- ------------------------------------------------------
-- Server version	10.5.12-MariaDB-cll-lve

/*!40101 SET @OLD_CHARACTER_SET_CLIENT=@@CHARACTER_SET_CLIENT */;
/*!40101 SET @OLD_CHARACTER_SET_RESULTS=@@CHARACTER_SET_RESULTS */;
/*!40101 SET @OLD_COLLATION_CONNECTION=@@COLLATION_CONNECTION */;
/*!40101 SET NAMES utf8mb4 */;
/*!40103 SET @OLD_TIME_ZONE=@@TIME_ZONE */;
/*!40103 SET TIME_ZONE='+00:00' */;
/*!40014 SET @OLD_UNIQUE_CHECKS=@@UNIQUE_CHECKS, UNIQUE_CHECKS=0 */;
/*!40014 SET @OLD_FOREIGN_KEY_CHECKS=@@FOREIGN_KEY_CHECKS, FOREIGN_KEY_CHECKS=0 */;
/*!40101 SET @OLD_SQL_MODE=@@SQL_MODE, SQL_MODE='NO_AUTO_VALUE_ON_ZERO' */;
/*!40111 SET @OLD_SQL_NOTES=@@SQL_NOTES, SQL_NOTES=0 */;

--
-- Table structure for table `animals`
--

DROP TABLE IF EXISTS `animals`;
/*!40101 SET @saved_cs_client     = @@character_set_client */;
/*!40101 SET character_set_client = utf8 */;
CREATE TABLE `animals` (
  `id` bigint(20) unsigned NOT NULL AUTO_INCREMENT,
  `name` varchar(150) COLLATE utf8mb4_unicode_ci DEFAULT NULL,
  PRIMARY KEY (`id`)
) ENGINE=InnoDB AUTO_INCREMENT=11 DEFAULT CHARSET=utf8mb4 COLLATE=utf8mb4_unicode_ci;
/*!40101 SET character_set_client = @saved_cs_client */;

--
-- Dumping data for table `animals`
--

LOCK TABLES `animals` WRITE;
/*!40000 ALTER TABLE `animals` DISABLE KEYS */;
INSERT INTO `animals` VALUES (1,'aspernatur'),(2,'optio'),(3,'similique'),(4,'ea'),(5,'dicta'),(6,'eum'),(7,'et'),(8,'cum'),(9,'illum'),(10,'eos');
/*!40000 ALTER TABLE `animals` ENABLE KEYS */;
UNLOCK TABLES;

--
-- Table structure for table `baskets`
--

DROP TABLE IF EXISTS `baskets`;
/*!40101 SET @saved_cs_client     = @@character_set_client */;
/*!40101 SET character_set_client = utf8 */;
CREATE TABLE `baskets` (
  `id` bigint(20) unsigned NOT NULL AUTO_INCREMENT,
  `user_id` bigint(20) unsigned DEFAULT NULL,
  `product_id` bigint(20) unsigned DEFAULT NULL,
  `product_count` int(10) unsigned NOT NULL,
  `price` decimal(10,2) unsigned DEFAULT NULL,
  `status` enum('Cart is empty','Continue checkout','Paid') COLLATE utf8mb4_unicode_ci DEFAULT NULL,
  `created_at` datetime DEFAULT current_timestamp(),
  `updated_at` datetime DEFAULT current_timestamp() ON UPDATE current_timestamp(),
  PRIMARY KEY (`id`),
  KEY `user_id` (`user_id`),
  KEY `product_id` (`product_id`),
  CONSTRAINT `baskets_ibfk_1` FOREIGN KEY (`user_id`) REFERENCES `users` (`id`) ON DELETE CASCADE ON UPDATE CASCADE,
  CONSTRAINT `baskets_ibfk_2` FOREIGN KEY (`product_id`) REFERENCES `products` (`id`) ON DELETE SET NULL ON UPDATE CASCADE
) ENGINE=InnoDB AUTO_INCREMENT=101 DEFAULT CHARSET=utf8mb4 COLLATE=utf8mb4_unicode_ci;
/*!40101 SET character_set_client = @saved_cs_client */;

--
-- Dumping data for table `baskets`
--

LOCK TABLES `baskets` WRITE;
/*!40000 ALTER TABLE `baskets` DISABLE KEYS */;
INSERT INTO `baskets` VALUES (1,93,16,1,5712.77,'Cart is empty','1991-10-07 12:17:46','2006-01-04 11:53:00'),(2,27,23,4,7936.34,'Continue checkout','1971-12-08 05:43:44','2010-06-16 07:40:34'),(3,31,22,1,5463.01,'Cart is empty','1985-04-07 00:27:48','1983-09-22 01:01:46'),(4,57,14,7,1033.54,'Continue checkout','1980-11-13 07:54:01','1999-10-31 13:19:25'),(5,46,23,10,5699.71,'Cart is empty','2019-12-04 07:23:42','2005-07-04 21:10:39'),(6,35,18,10,7691.28,'Paid','1993-11-19 06:53:10','2020-04-22 21:00:39'),(7,15,14,3,4960.30,'Continue checkout','1995-09-14 22:49:59','2012-05-31 19:56:09'),(8,74,24,5,2824.33,'Paid','2008-04-29 18:04:35','1991-05-09 22:43:44'),(9,100,21,5,6321.39,'Cart is empty','1986-09-16 01:02:18','1977-07-28 05:15:27'),(10,81,4,9,1709.74,'Continue checkout','2004-12-17 20:20:21','1989-09-15 13:20:07'),(11,14,25,8,275.19,'Continue checkout','1976-09-30 06:31:23','2016-02-29 04:11:54'),(12,72,3,9,2965.03,'Cart is empty','1980-10-20 13:41:30','1971-03-30 08:05:30'),(13,100,15,4,4265.88,'Continue checkout','2015-11-26 00:14:00','1986-04-14 03:22:18'),(14,83,13,3,7092.74,'Continue checkout','1978-07-27 23:08:23','2010-08-02 16:15:40'),(15,26,9,3,2389.32,'Cart is empty','1986-04-02 07:53:14','2004-06-02 13:46:55'),(16,28,5,8,8049.80,'Paid','2011-05-08 14:06:26','2019-02-09 09:08:14'),(17,94,14,3,6615.66,'Continue checkout','1990-02-20 11:08:43','2007-10-24 10:36:35'),(18,8,7,10,643.13,'Cart is empty','1977-04-09 08:01:53','1998-03-14 09:30:53'),(19,39,17,8,6439.39,'Continue checkout','2006-10-07 17:19:08','2015-05-23 09:06:59'),(20,79,22,6,608.06,'Continue checkout','2003-02-15 11:26:18','1996-10-23 22:35:57'),(21,56,4,6,4170.12,'Continue checkout','2007-12-28 12:45:07','2011-02-10 17:00:53'),(22,54,18,1,1840.28,'Continue checkout','1970-10-21 11:59:38','1977-02-20 17:58:36'),(23,69,7,5,1595.82,'Paid','1975-05-26 11:04:39','1977-05-12 08:55:36'),(24,63,17,7,3582.13,'Cart is empty','1979-02-22 07:19:30','2015-07-03 03:54:09'),(25,10,11,7,914.00,'Continue checkout','2005-03-22 23:27:50','2010-09-11 04:30:13'),(26,84,6,3,3995.18,'Paid','2000-10-18 15:50:49','2018-05-01 09:33:37'),(27,40,14,2,5766.42,'Continue checkout','1984-12-12 21:52:10','2017-05-18 06:03:59'),(28,34,10,3,9606.71,'Cart is empty','1977-07-01 12:51:21','2006-09-21 05:09:38'),(29,13,5,5,4592.32,'Cart is empty','1977-05-26 00:54:33','1983-11-17 13:01:03'),(30,89,10,3,4755.99,'Paid','1994-11-20 05:21:50','1997-07-28 13:58:49'),(31,49,4,8,5117.66,'Continue checkout','1988-11-08 09:43:22','1994-06-27 14:20:24'),(32,56,11,5,8809.23,'Continue checkout','2009-05-10 06:43:38','1999-05-30 04:21:21'),(33,70,16,9,6936.47,'Paid','1978-08-24 07:14:04','1991-08-24 00:36:34'),(34,67,3,7,4261.99,'Cart is empty','1988-03-03 02:35:27','1986-11-08 12:23:35'),(35,28,12,10,6206.00,'Cart is empty','1973-01-21 08:29:31','2007-12-10 16:26:18'),(36,94,21,10,9591.10,'Paid','2012-12-15 10:32:31','1993-09-13 22:04:01'),(37,59,12,7,6571.70,'Cart is empty','2009-10-27 09:58:44','1996-01-07 06:32:42'),(38,53,7,8,264.01,'Cart is empty','2009-05-30 22:13:51','1978-04-29 22:55:12'),(39,75,4,4,7834.56,'Paid','2010-08-22 00:42:34','1984-07-26 00:05:36'),(40,95,22,5,4983.40,'Cart is empty','1980-07-18 22:58:52','1987-04-05 08:11:26'),(41,59,20,4,9247.67,'Cart is empty','2005-08-06 05:33:27','1977-12-16 04:37:10'),(42,8,25,6,8586.18,'Paid','1999-01-29 15:51:42','2021-09-22 05:16:39'),(43,34,11,3,8693.27,'Cart is empty','1987-01-17 04:34:52','2002-10-05 04:28:56'),(44,38,12,4,1076.94,'Paid','1998-03-30 18:26:53','1982-12-29 10:45:00'),(45,58,7,6,1158.67,'Paid','1999-01-24 10:31:02','1987-07-25 05:40:18'),(46,85,2,7,4965.03,'Cart is empty','1980-07-21 16:25:18','1975-09-09 15:47:46'),(47,42,10,9,9585.21,'Paid','2007-10-03 11:47:04','1984-09-14 03:04:28'),(48,48,3,4,6473.22,'Continue checkout','1978-05-21 17:04:35','2003-10-04 01:27:02'),(49,4,4,9,359.43,'Paid','2018-05-21 21:17:02','1986-03-10 06:46:35'),(50,20,8,7,7003.50,'Paid','2015-10-09 12:33:07','2000-01-16 23:22:09'),(51,60,4,10,4291.80,'Paid','2010-04-19 20:30:29','1988-02-12 20:08:18'),(52,14,5,7,468.69,'Continue checkout','1987-05-22 10:37:12','1988-06-14 15:50:14'),(53,60,17,9,1010.82,'Paid','2000-11-28 15:46:19','1979-12-10 08:26:03'),(54,44,9,4,5490.64,'Continue checkout','1994-02-09 02:51:24','1987-12-15 05:37:26'),(55,82,10,8,3517.42,'Continue checkout','2009-07-03 05:50:52','2002-06-08 04:56:34'),(56,19,11,3,7886.88,'Cart is empty','2001-08-29 17:45:49','1994-03-28 01:07:54'),(57,17,7,2,6097.53,'Continue checkout','1988-04-29 17:16:25','1984-01-02 13:05:58'),(58,39,13,10,5726.93,'Paid','2000-09-04 15:00:39','1989-05-31 22:35:13'),(59,68,19,1,1428.12,'Paid','1998-06-18 05:31:41','1995-03-06 07:08:12'),(60,97,7,5,3046.89,'Continue checkout','1970-03-19 02:51:40','1974-10-26 13:14:32'),(61,1,21,9,9690.22,'Cart is empty','1993-08-18 05:47:04','1984-08-06 21:50:27'),(62,30,11,3,2822.92,'Paid','2018-04-12 23:56:18','2002-11-23 09:26:34'),(63,21,20,4,5527.42,'Paid','1991-07-02 11:28:55','1992-11-16 12:30:19'),(64,53,6,10,715.15,'Cart is empty','1999-10-31 14:14:59','1987-05-06 08:11:22'),(65,92,19,8,1644.39,'Cart is empty','2001-08-27 02:38:09','1994-08-18 13:56:56'),(66,55,13,5,2814.25,'Continue checkout','1989-02-05 18:54:50','1986-10-13 15:48:55'),(67,85,17,1,7113.11,'Paid','1970-09-12 18:23:01','2015-03-14 13:04:47'),(68,69,12,6,1114.38,'Cart is empty','1993-04-19 11:59:00','2008-01-02 05:57:01'),(69,34,4,4,6878.85,'Paid','2013-09-17 00:37:02','1985-08-18 10:31:39'),(70,80,4,5,9203.43,'Continue checkout','1994-01-25 02:03:38','2002-10-30 08:50:54'),(71,51,25,7,4854.50,'Paid','2014-09-09 11:42:11','1998-10-02 02:58:07'),(72,56,17,8,4648.56,'Cart is empty','1984-06-03 02:32:21','2009-04-07 03:08:19'),(73,24,24,7,3943.63,'Cart is empty','2011-02-24 17:17:14','1990-08-18 06:58:43'),(74,18,23,10,225.91,'Paid','1993-04-04 04:56:47','1997-06-13 21:45:02'),(75,71,4,10,9666.57,'Cart is empty','2018-09-15 18:44:23','2011-05-15 01:53:10'),(76,16,18,2,8468.24,'Paid','1971-04-10 04:40:51','1978-04-15 03:56:22'),(77,96,12,6,5436.86,'Continue checkout','2018-12-11 23:37:56','1972-03-20 09:16:59'),(78,14,5,6,1499.52,'Continue checkout','1974-06-09 18:49:09','2019-12-05 17:46:27'),(79,23,17,10,4651.20,'Paid','1993-10-28 19:09:16','2011-04-07 01:54:14'),(80,41,4,8,7112.14,'Paid','2016-09-22 21:09:35','1991-05-25 21:43:18'),(81,39,24,4,1406.17,'Paid','1994-08-05 09:33:49','1972-09-02 04:31:09'),(82,66,6,5,7223.65,'Paid','2020-08-14 03:37:28','1993-01-22 23:07:57'),(83,62,9,2,6351.29,'Paid','2018-06-12 17:32:51','1972-09-01 11:55:07'),(84,68,24,9,9891.27,'Cart is empty','1990-06-30 13:08:44','1971-03-29 09:22:04'),(85,46,12,8,7235.67,'Cart is empty','1983-07-27 02:15:59','1997-02-22 08:09:59'),(86,11,24,8,2688.30,'Cart is empty','2000-04-19 19:10:26','2013-10-08 10:02:40'),(87,45,17,3,8166.52,'Cart is empty','1970-08-03 19:44:06','1973-09-07 13:21:28'),(88,64,17,3,6531.75,'Continue checkout','2006-01-07 09:51:24','2012-02-04 19:27:32'),(89,61,21,7,9332.03,'Continue checkout','2008-04-02 14:58:46','1978-10-14 15:58:20'),(90,59,8,9,1934.58,'Paid','2013-06-02 14:02:46','2003-10-03 03:41:37'),(91,96,19,2,235.20,'Paid','1978-03-06 02:20:34','1972-11-29 12:09:46'),(92,3,23,4,2277.73,'Cart is empty','1988-07-25 17:32:59','2001-04-22 05:50:25'),(93,19,4,1,6226.83,'Paid','1986-04-13 02:10:36','1988-01-03 14:55:56'),(94,8,11,10,658.58,'Paid','1996-08-29 03:26:21','1994-10-16 17:30:43'),(95,82,12,9,3568.45,'Continue checkout','2001-01-25 18:12:18','1991-02-14 18:34:33'),(96,56,5,6,9165.23,'Paid','1976-04-09 09:08:37','2007-07-31 08:21:40'),(97,43,6,5,2601.09,'Paid','1994-10-06 19:23:49','1991-11-18 01:11:49'),(98,43,1,6,5779.68,'Cart is empty','2005-01-19 10:34:34','1979-10-23 06:18:07'),(99,55,3,6,6649.24,'Cart is empty','2003-04-25 01:27:33','1977-04-22 21:35:18'),(100,100,1,1,560.79,'Cart is empty','1977-07-04 15:02:49','2004-11-20 11:37:24');
/*!40000 ALTER TABLE `baskets` ENABLE KEYS */;
UNLOCK TABLES;

--
-- Table structure for table `bonus_accounts`
--

DROP TABLE IF EXISTS `bonus_accounts`;
/*!40101 SET @saved_cs_client     = @@character_set_client */;
/*!40101 SET character_set_client = utf8 */;
CREATE TABLE `bonus_accounts` (
  `id` bigint(20) unsigned NOT NULL AUTO_INCREMENT,
  `user_id` bigint(20) unsigned NOT NULL,
  `basket_id` bigint(20) unsigned NOT NULL,
  `wallet` decimal(10,2) unsigned DEFAULT NULL,
  PRIMARY KEY (`id`),
  KEY `user_id` (`user_id`),
  KEY `basket_id` (`basket_id`),
  CONSTRAINT `bonus_accounts_ibfk_1` FOREIGN KEY (`user_id`) REFERENCES `users` (`id`) ON DELETE CASCADE ON UPDATE CASCADE,
  CONSTRAINT `bonus_accounts_ibfk_2` FOREIGN KEY (`basket_id`) REFERENCES `baskets` (`id`) ON DELETE CASCADE ON UPDATE CASCADE
) ENGINE=InnoDB AUTO_INCREMENT=101 DEFAULT CHARSET=utf8mb4 COLLATE=utf8mb4_unicode_ci;
/*!40101 SET character_set_client = @saved_cs_client */;

--
-- Dumping data for table `bonus_accounts`
--

LOCK TABLES `bonus_accounts` WRITE;
/*!40000 ALTER TABLE `bonus_accounts` DISABLE KEYS */;
INSERT INTO `bonus_accounts` VALUES (1,67,36,5666.00),(2,89,100,6707.00),(3,28,21,1787.00),(4,77,70,2993.00),(5,15,8,5217.00),(6,88,96,6615.00),(7,15,1,7044.00),(8,16,19,4939.00),(9,72,57,9481.00),(10,48,21,7641.00),(11,16,89,6073.00),(12,95,90,5491.00),(13,91,24,946.00),(14,28,38,3490.00),(15,26,70,4440.00),(16,58,92,3896.00),(17,6,47,5211.00),(18,92,33,550.00),(19,68,68,5269.00),(20,3,82,208.00),(21,76,90,637.00),(22,77,91,3266.00),(23,90,92,5701.00),(24,10,62,8526.00),(25,49,57,8352.00),(26,82,65,4207.00),(27,45,77,5159.00),(28,55,36,4235.00),(29,1,82,2525.00),(30,73,26,8069.00),(31,52,30,3525.00),(32,18,58,6841.00),(33,77,9,6161.00),(34,91,44,7007.00),(35,77,93,4901.00),(36,26,53,8619.00),(37,82,2,7093.00),(38,43,72,9987.00),(39,94,52,2625.00),(40,33,42,2468.00),(41,8,15,3259.00),(42,7,53,9639.00),(43,92,61,4135.00),(44,88,92,1258.00),(45,43,61,8110.00),(46,17,94,5622.00),(47,91,34,1919.00),(48,52,67,6783.00),(49,43,42,758.00),(50,11,19,8109.00),(51,34,36,7054.00),(52,71,16,268.00),(53,37,14,2345.00),(54,87,30,6712.00),(55,65,20,4127.00),(56,72,73,7861.00),(57,34,79,2916.00),(58,26,26,7672.00),(59,40,14,3574.00),(60,17,82,6648.00),(61,74,34,4374.00),(62,76,64,1426.00),(63,68,27,4282.00),(64,30,10,4784.00),(65,68,41,6601.00),(66,29,2,3236.00),(67,76,99,2344.00),(68,17,13,1471.00),(69,13,4,3621.00),(70,43,78,7481.00),(71,23,14,3828.00),(72,50,57,2921.00),(73,93,76,3301.00),(74,82,32,9203.00),(75,89,99,9267.00),(76,13,63,6452.00),(77,32,88,3783.00),(78,26,100,5122.00),(79,15,56,4446.00),(80,9,83,9176.00),(81,96,37,3535.00),(82,85,72,9410.00),(83,36,2,6537.00),(84,84,48,3342.00),(85,5,26,2055.00),(86,26,27,9166.00),(87,40,75,1434.00),(88,84,32,771.00),(89,51,66,2655.00),(90,63,40,5733.00),(91,64,76,1307.00),(92,2,96,8643.00),(93,64,27,2289.00),(94,95,79,8928.00),(95,83,3,9198.00),(96,61,78,9404.00),(97,40,45,2316.00),(98,50,76,5043.00),(99,46,33,7999.00),(100,24,51,2158.00);
/*!40000 ALTER TABLE `bonus_accounts` ENABLE KEYS */;
UNLOCK TABLES;

--
-- Table structure for table `carriers`
--

DROP TABLE IF EXISTS `carriers`;
/*!40101 SET @saved_cs_client     = @@character_set_client */;
/*!40101 SET character_set_client = utf8 */;
CREATE TABLE `carriers` (
  `id` bigint(20) unsigned NOT NULL AUTO_INCREMENT,
  `name` varchar(255) COLLATE utf8mb4_unicode_ci DEFAULT NULL,
  `product_id` bigint(20) unsigned DEFAULT NULL,
  `size_id` bigint(20) unsigned DEFAULT NULL,
  `price` decimal(10,2) unsigned DEFAULT NULL,
  `count` int(10) unsigned DEFAULT NULL,
  `created_at` datetime DEFAULT current_timestamp(),
  `updated_at` datetime DEFAULT current_timestamp() ON UPDATE current_timestamp(),
  PRIMARY KEY (`id`),
  KEY `product_id` (`product_id`),
  KEY `size_id` (`size_id`),
  CONSTRAINT `carriers_ibfk_1` FOREIGN KEY (`product_id`) REFERENCES `products` (`id`) ON DELETE SET NULL ON UPDATE CASCADE,
  CONSTRAINT `carriers_ibfk_2` FOREIGN KEY (`size_id`) REFERENCES `size` (`id`) ON DELETE SET NULL ON UPDATE CASCADE
) ENGINE=InnoDB AUTO_INCREMENT=101 DEFAULT CHARSET=utf8mb4 COLLATE=utf8mb4_unicode_ci;
/*!40101 SET character_set_client = @saved_cs_client */;

--
-- Dumping data for table `carriers`
--

LOCK TABLES `carriers` WRITE;
/*!40000 ALTER TABLE `carriers` DISABLE KEYS */;
INSERT INTO `carriers` VALUES (1,'fuga',12,2,1249.64,20,'2013-02-09 14:06:07','2020-07-02 20:48:39'),(2,'voluptates',13,8,3638.70,60,'2011-08-01 10:10:56','1971-09-11 17:34:04'),(3,'amet',17,4,8607.64,44,'1992-02-29 11:23:46','1987-08-05 01:12:32'),(4,'et',16,9,5845.68,65,'1987-10-08 05:57:00','2011-09-25 18:24:46'),(5,'in',16,1,780.17,77,'1973-06-30 02:40:23','1990-05-06 11:58:01'),(6,'eos',3,1,6172.34,10,'1984-04-21 11:34:04','2009-03-07 06:28:14'),(7,'rerum',9,2,720.21,35,'2014-08-19 05:22:53','1998-11-16 09:14:11'),(8,'quis',4,6,6826.22,88,'1987-08-11 01:52:58','1998-07-18 10:02:19'),(9,'aut',14,8,9662.76,92,'1974-05-02 02:55:43','1976-02-19 10:39:59'),(10,'fugit',5,3,1933.80,83,'1973-08-05 00:17:05','2017-05-02 01:03:41'),(11,'aut',13,6,2515.20,92,'1992-06-02 09:04:56','2003-05-11 07:29:59'),(12,'et',25,8,3471.40,31,'2016-01-27 05:52:23','1983-09-28 05:53:35'),(13,'qui',21,7,5925.23,35,'2021-04-08 22:56:19','1999-12-01 21:58:54'),(14,'enim',11,8,9927.90,59,'1999-10-20 08:52:34','2000-05-02 15:03:32'),(15,'quidem',6,2,5691.83,4,'2001-10-25 20:42:08','2015-02-24 19:54:57'),(16,'qui',7,7,6580.57,92,'1980-10-29 05:17:03','1982-06-09 07:34:27'),(17,'quod',6,8,7324.34,1,'1971-05-03 02:46:00','2019-06-27 00:41:21'),(18,'labore',11,9,1908.30,85,'2021-01-25 14:14:37','1989-07-12 03:37:39'),(19,'delectus',4,1,2282.64,15,'2006-02-12 17:23:00','2009-12-31 16:52:02'),(20,'error',17,8,5976.03,93,'1996-07-21 17:48:21','2000-09-30 03:39:45'),(21,'dolor',3,8,2449.06,48,'2003-11-13 02:54:40','2021-12-01 07:47:12'),(22,'officia',19,5,7414.39,38,'2004-04-07 04:35:38','2021-08-10 02:57:15'),(23,'quibusdam',24,10,1810.43,45,'2013-11-29 23:10:30','2009-05-10 16:04:37'),(24,'distinctio',24,6,3381.34,79,'2007-01-04 09:36:00','1980-06-16 05:14:19'),(25,'ullam',17,2,7349.55,33,'1976-05-05 15:28:16','1972-12-13 17:27:08'),(26,'eius',20,2,4522.96,41,'1999-01-14 12:06:39','2005-07-06 01:07:45'),(27,'eos',17,8,8646.44,5,'2018-03-11 11:48:06','1993-06-24 19:34:16'),(28,'earum',22,5,9765.09,38,'2000-12-05 00:40:36','1971-12-15 20:20:20'),(29,'quod',10,4,8475.91,25,'1994-03-31 10:55:37','2021-12-31 03:56:12'),(30,'nesciunt',6,6,9681.99,90,'1990-03-30 01:31:46','1974-10-14 05:02:59'),(31,'maiores',11,5,3932.02,95,'1990-08-23 20:27:19','1996-08-30 06:17:52'),(32,'ut',7,7,3675.32,62,'1989-01-01 02:03:16','1972-05-24 22:31:50'),(33,'cum',6,7,9496.34,13,'1975-01-14 18:36:01','1980-06-21 10:54:20'),(34,'ad',12,4,2343.92,49,'2005-12-31 01:10:21','1997-09-19 17:46:42'),(35,'alias',18,2,5226.26,90,'2007-11-16 15:13:57','1988-05-11 08:34:19'),(36,'necessitatibus',4,8,6244.59,33,'2001-05-30 20:50:52','1996-03-20 02:14:59'),(37,'nisi',24,9,6078.39,34,'2007-04-11 03:33:07','2008-04-02 14:49:52'),(38,'ut',6,9,8463.19,18,'2014-06-26 02:58:17','1987-05-17 21:11:01'),(39,'aliquid',21,2,6567.17,61,'1971-03-16 02:09:14','2005-04-14 17:40:24'),(40,'voluptatem',10,5,3935.22,99,'1985-01-21 21:17:01','1994-11-21 16:46:45'),(41,'accusamus',8,2,9983.92,16,'1986-08-04 00:59:54','1995-05-20 19:51:07'),(42,'libero',15,10,9793.40,72,'2013-07-08 01:26:41','1975-07-12 20:49:07'),(43,'velit',24,5,5071.77,75,'1990-01-12 06:51:30','1994-03-11 00:39:08'),(44,'voluptatem',11,4,566.62,43,'1995-07-22 02:18:07','1984-04-05 02:29:20'),(45,'fugiat',19,7,1227.20,93,'2018-08-07 15:24:30','2009-09-25 11:05:37'),(46,'rerum',24,2,3447.68,23,'2014-03-19 07:36:44','1984-03-13 19:33:08'),(47,'totam',3,2,4080.28,85,'2011-09-04 17:50:48','2002-05-01 04:16:33'),(48,'tenetur',20,4,2726.84,95,'2019-11-18 17:34:53','2016-08-30 11:10:55'),(49,'velit',22,3,3455.41,87,'1987-02-25 20:55:34','1985-12-02 19:54:40'),(50,'quisquam',19,6,1145.10,39,'2011-08-30 01:45:02','2021-02-14 08:12:29'),(51,'omnis',11,9,2399.37,44,'1981-09-26 00:40:08','1986-03-31 00:47:23'),(52,'voluptates',10,4,8014.79,12,'2011-06-03 06:30:12','2011-12-23 11:00:02'),(53,'nihil',20,6,2240.08,17,'2019-06-25 01:33:26','1981-02-08 20:58:54'),(54,'omnis',6,6,6727.28,18,'1970-12-19 23:30:23','1990-01-26 11:29:53'),(55,'sint',20,6,5440.00,61,'2006-03-12 21:27:01','1980-04-24 19:57:55'),(56,'culpa',1,1,1558.71,72,'1997-08-03 01:19:59','1989-06-22 22:47:29'),(57,'in',19,7,8410.50,84,'1976-08-05 04:15:34','1974-10-28 00:49:56'),(58,'voluptas',25,8,7826.85,20,'1991-07-18 13:12:33','2021-03-26 16:37:36'),(59,'eveniet',2,5,4382.63,23,'1986-06-24 16:27:14','1987-03-22 23:08:10'),(60,'voluptatibus',2,9,3087.93,100,'2007-06-06 07:26:45','2017-08-13 08:44:30'),(61,'dicta',3,10,1191.93,8,'2005-05-09 21:12:35','2011-02-26 04:27:00'),(62,'ex',25,2,9721.55,73,'1983-03-03 22:34:18','2008-10-11 20:42:38'),(63,'voluptatem',5,8,4393.57,89,'1982-06-04 02:37:34','1984-09-16 15:14:41'),(64,'sunt',14,1,5558.47,47,'1998-08-10 07:45:54','1972-02-09 23:25:22'),(65,'laborum',1,3,3827.98,40,'2011-04-17 21:43:53','1984-04-13 19:08:55'),(66,'magni',16,5,2271.68,68,'1992-08-17 00:34:25','1985-01-09 15:45:02'),(67,'et',4,10,8251.30,93,'1992-07-29 00:24:54','2004-12-22 04:33:19'),(68,'reiciendis',20,10,3863.13,95,'2002-05-24 09:56:10','2010-05-05 17:13:45'),(69,'eos',15,10,1299.51,99,'1999-10-05 00:58:22','2007-01-22 20:55:40'),(70,'saepe',13,4,7465.68,41,'2010-03-20 05:38:46','2019-01-05 05:22:56'),(71,'non',15,6,67.27,27,'2008-07-19 09:55:47','1974-05-07 19:57:28'),(72,'molestias',10,4,515.53,84,'2000-06-14 11:09:44','1975-04-29 00:36:28'),(73,'non',3,4,151.24,57,'1989-12-20 10:08:54','2017-07-15 11:13:26'),(74,'reiciendis',1,2,5211.05,59,'1984-02-20 13:14:15','2003-01-27 15:57:45'),(75,'quidem',21,1,8611.26,3,'1982-02-04 04:22:01','1995-12-28 10:53:22'),(76,'sit',25,10,5898.96,26,'2015-01-17 19:48:30','1973-02-17 09:59:05'),(77,'dignissimos',2,10,6810.90,14,'1975-11-09 19:29:29','2006-03-14 21:52:14'),(78,'vitae',3,3,2962.48,29,'1982-10-17 15:32:24','1981-03-22 15:01:22'),(79,'blanditiis',18,7,1501.64,88,'1987-11-18 07:38:11','2008-02-08 10:49:36'),(80,'dignissimos',7,8,712.99,63,'2005-08-01 05:16:10','2004-12-15 11:26:25'),(81,'qui',24,9,281.14,1,'2003-08-17 21:59:02','2011-06-14 01:38:59'),(82,'culpa',4,1,2585.56,62,'1994-02-20 01:07:59','1988-05-26 02:44:00'),(83,'blanditiis',22,10,731.94,22,'1971-05-21 12:12:38','2004-12-29 01:41:56'),(84,'ex',25,5,6891.57,72,'2003-02-16 18:03:17','1979-10-05 13:54:34'),(85,'quibusdam',23,5,6135.65,23,'1978-09-16 18:45:41','2015-08-06 13:56:52'),(86,'dolorum',19,5,2577.00,61,'1984-07-18 10:39:08','2005-02-20 21:42:42'),(87,'minus',25,2,6376.50,58,'2017-12-18 22:19:02','2016-09-14 03:22:57'),(88,'inventore',21,2,7583.82,67,'1987-08-26 18:09:28','1973-10-11 17:59:20'),(89,'quod',13,9,4994.25,2,'2017-12-22 10:15:36','1981-01-03 21:34:16'),(90,'voluptate',7,4,2659.15,70,'1970-06-12 14:20:41','2016-04-07 07:13:23'),(91,'in',24,3,8049.89,59,'1990-02-24 15:09:10','2010-03-25 09:20:54'),(92,'at',6,10,8831.41,76,'1977-05-04 04:07:42','2015-07-29 13:46:09'),(93,'qui',6,4,2604.74,16,'1978-04-24 06:48:04','1977-10-12 20:43:22'),(94,'quia',6,10,5187.60,94,'1983-08-30 02:55:58','1994-06-26 15:07:43'),(95,'reiciendis',25,5,3170.51,45,'1988-12-14 02:48:23','1997-08-10 10:44:25'),(96,'quia',18,10,6656.10,91,'2020-10-16 13:45:46','2022-04-24 19:46:02'),(97,'iste',10,9,1571.82,68,'2003-09-05 01:04:37','2011-09-02 21:58:25'),(98,'aut',1,3,1446.66,30,'2004-07-09 07:58:36','2013-11-24 03:07:32'),(99,'velit',20,10,2046.68,41,'1972-12-24 08:17:14','1976-07-27 01:02:13'),(100,'repellat',16,7,9378.80,51,'2012-05-05 17:54:55','1974-12-23 04:52:19');
/*!40000 ALTER TABLE `carriers` ENABLE KEYS */;
UNLOCK TABLES;

--
-- Table structure for table `favorites`
--

DROP TABLE IF EXISTS `favorites`;
/*!40101 SET @saved_cs_client     = @@character_set_client */;
/*!40101 SET character_set_client = utf8 */;
CREATE TABLE `favorites` (
  `user_id` bigint(20) unsigned NOT NULL,
  `product_id` bigint(20) unsigned NOT NULL,
  `status` enum('added','deleted','bought most often') COLLATE utf8mb4_unicode_ci DEFAULT NULL,
  PRIMARY KEY (`user_id`,`product_id`),
  KEY `product_id` (`product_id`),
  CONSTRAINT `favorites_ibfk_1` FOREIGN KEY (`user_id`) REFERENCES `users` (`id`) ON DELETE CASCADE ON UPDATE CASCADE,
  CONSTRAINT `favorites_ibfk_2` FOREIGN KEY (`product_id`) REFERENCES `products` (`id`) ON DELETE CASCADE ON UPDATE CASCADE
) ENGINE=InnoDB DEFAULT CHARSET=utf8mb4 COLLATE=utf8mb4_unicode_ci;
/*!40101 SET character_set_client = @saved_cs_client */;

--
-- Dumping data for table `favorites`
--

LOCK TABLES `favorites` WRITE;
/*!40000 ALTER TABLE `favorites` DISABLE KEYS */;
INSERT INTO `favorites` VALUES (2,22,'added'),(2,25,'added'),(6,19,'deleted'),(9,7,'added'),(12,9,'bought most often'),(18,4,'bought most often'),(21,12,'bought most often'),(23,8,'added'),(26,9,'deleted'),(27,1,'bought most often'),(27,2,'bought most often'),(28,2,'bought most often'),(30,1,'deleted'),(32,8,'bought most often'),(33,12,'added'),(33,14,'deleted'),(34,20,'bought most often'),(38,22,'bought most often'),(43,2,'bought most often'),(45,1,'added'),(47,3,'deleted'),(48,3,'deleted'),(52,21,'deleted'),(54,20,'bought most often'),(55,10,'bought most often'),(56,11,'bought most often'),(56,20,'deleted'),(59,9,'bought most often'),(59,10,'added'),(60,11,'bought most often'),(66,24,'deleted'),(68,9,'deleted'),(70,20,'bought most often'),(76,22,'added'),(86,25,'bought most often'),(89,14,'bought most often'),(89,16,'bought most often'),(89,20,'added'),(89,22,'added'),(90,6,'bought most often'),(90,11,'added'),(91,1,'deleted'),(91,3,'bought most often'),(92,6,'bought most often'),(92,7,'deleted'),(95,14,'bought most often'),(96,1,'bought most often'),(96,22,'bought most often'),(97,3,'deleted'),(98,9,'added');
/*!40000 ALTER TABLE `favorites` ENABLE KEYS */;
UNLOCK TABLES;

--
-- Table structure for table `foods`
--

DROP TABLE IF EXISTS `foods`;
/*!40101 SET @saved_cs_client     = @@character_set_client */;
/*!40101 SET character_set_client = utf8 */;
CREATE TABLE `foods` (
  `id` bigint(20) unsigned NOT NULL AUTO_INCREMENT,
  `name` varchar(255) COLLATE utf8mb4_unicode_ci DEFAULT NULL,
  `product_id` bigint(20) unsigned DEFAULT NULL,
  `price` decimal(10,2) unsigned DEFAULT NULL,
  `count` int(10) unsigned DEFAULT NULL,
  `created_at` datetime DEFAULT current_timestamp(),
  `updated_at` datetime DEFAULT current_timestamp() ON UPDATE current_timestamp(),
  PRIMARY KEY (`id`),
  KEY `product_id` (`product_id`),
  CONSTRAINT `foods_ibfk_1` FOREIGN KEY (`product_id`) REFERENCES `products` (`id`) ON DELETE SET NULL ON UPDATE CASCADE
) ENGINE=InnoDB AUTO_INCREMENT=101 DEFAULT CHARSET=utf8mb4 COLLATE=utf8mb4_unicode_ci;
/*!40101 SET character_set_client = @saved_cs_client */;

--
-- Dumping data for table `foods`
--

LOCK TABLES `foods` WRITE;
/*!40000 ALTER TABLE `foods` DISABLE KEYS */;
INSERT INTO `foods` VALUES (1,'atque',11,1395.95,62,'2006-11-19 11:23:50','1972-03-29 09:35:16'),(2,'quidem',10,2932.98,54,'2003-05-19 14:50:19','1984-03-10 10:13:02'),(3,'aliquid',18,3705.35,36,'2020-04-11 15:40:23','2000-08-19 00:53:37'),(4,'similique',10,5808.78,100,'2013-12-24 20:40:24','1987-10-12 00:07:14'),(5,'in',14,3981.10,78,'1989-08-09 20:56:24','2021-10-07 19:39:10'),(6,'facere',12,4571.66,99,'1971-12-01 03:30:23','1972-09-22 22:08:13'),(7,'in',6,1170.59,39,'2009-05-26 04:30:53','2011-08-15 04:49:37'),(8,'voluptate',13,1718.97,78,'1999-09-09 17:20:41','2021-09-09 12:15:04'),(9,'consequuntur',2,7248.91,57,'2015-08-28 20:42:14','1985-08-23 07:53:02'),(10,'voluptate',25,8919.09,21,'1996-01-27 14:11:45','1992-11-03 11:30:50'),(11,'ut',16,5898.13,46,'1988-06-22 09:57:58','2016-03-26 10:23:16'),(12,'exercitationem',17,7955.06,9,'1972-09-26 05:52:56','1989-09-21 00:20:03'),(13,'incidunt',10,7281.51,28,'2007-10-20 04:51:04','2015-09-15 09:39:11'),(14,'atque',22,8600.89,6,'1999-09-22 09:43:47','1993-08-10 00:55:03'),(15,'nam',20,4415.26,31,'1983-07-05 12:31:10','2003-02-07 20:20:56'),(16,'magnam',17,5121.05,67,'1996-07-06 20:02:42','1979-06-29 00:14:46'),(17,'voluptate',2,3219.04,52,'1986-06-13 11:59:45','2011-05-23 04:07:12'),(18,'rerum',15,1242.32,17,'1989-06-18 13:20:39','2007-08-30 20:58:10'),(19,'consectetur',22,4707.81,13,'2003-09-12 18:08:41','1971-04-22 04:39:45'),(20,'dolores',19,5368.82,41,'1981-03-17 02:05:07','2012-01-09 01:31:32'),(21,'quas',20,2613.35,20,'2010-11-03 04:45:21','2010-10-19 02:30:25'),(22,'voluptatem',21,1407.66,10,'2004-10-26 05:31:07','1995-04-10 03:05:24'),(23,'suscipit',4,6525.41,48,'2012-12-08 06:11:00','2009-11-23 18:42:29'),(24,'quis',9,5348.12,11,'2022-01-10 10:12:19','1985-01-11 11:23:56'),(25,'harum',7,5120.71,76,'2015-03-10 03:14:48','1975-09-10 10:52:19'),(26,'earum',24,3622.90,80,'1981-07-27 17:16:02','2014-02-23 07:52:43'),(27,'delectus',3,5894.93,20,'1995-01-14 08:40:50','1986-12-13 15:09:31'),(28,'autem',21,8484.06,57,'1976-01-26 09:55:21','1971-04-09 03:14:45'),(29,'dolor',14,4131.62,7,'1977-09-29 23:05:58','2010-12-20 09:08:17'),(30,'et',13,7065.31,72,'2021-07-06 07:13:10','2010-11-13 08:24:26'),(31,'eligendi',5,254.67,75,'1978-03-15 04:37:58','1999-10-19 00:15:53'),(32,'qui',24,7853.29,63,'1976-07-10 02:00:42','2013-12-31 17:05:55'),(33,'amet',23,2393.06,50,'1978-08-21 21:47:27','2020-11-11 20:38:15'),(34,'natus',22,9284.72,78,'1987-02-14 15:49:29','2016-02-23 01:29:08'),(35,'laborum',8,5119.39,27,'1994-01-14 05:01:53','1972-04-18 13:08:35'),(36,'quos',11,2427.78,90,'1987-06-09 09:26:21','2004-02-02 15:58:25'),(37,'sit',8,5111.95,65,'1998-11-16 13:45:00','2001-06-01 14:54:43'),(38,'sit',14,915.98,40,'2012-12-26 02:19:30','1985-09-29 04:00:12'),(39,'qui',24,9373.87,37,'1992-09-14 16:52:06','1985-12-05 18:36:05'),(40,'reprehenderit',10,7067.72,15,'1990-02-19 18:05:34','1999-09-01 23:09:21'),(41,'veritatis',13,7793.17,80,'1992-02-05 09:55:14','1993-01-26 05:36:34'),(42,'eum',14,9322.80,62,'1985-05-09 19:29:07','2001-11-12 07:41:42'),(43,'saepe',1,502.75,96,'2011-12-30 02:44:47','1978-04-27 17:05:41'),(44,'cupiditate',23,1679.31,64,'2000-09-03 02:38:39','1981-09-27 17:36:41'),(45,'temporibus',10,1877.47,22,'2013-04-23 19:23:11','1971-06-04 02:05:13'),(46,'earum',20,3551.98,72,'2009-07-11 11:45:41','2012-06-17 06:22:59'),(47,'aperiam',15,4695.77,89,'1998-04-30 10:17:14','2014-06-08 11:01:04'),(48,'unde',12,954.32,29,'1987-12-12 15:47:19','1985-02-23 12:26:30'),(49,'quo',10,789.78,93,'2004-09-03 23:39:09','1973-02-08 09:21:00'),(50,'sit',11,4129.58,47,'2005-03-11 14:09:24','2000-02-04 23:06:23'),(51,'perspiciatis',5,4273.16,54,'2012-03-12 18:01:21','1992-11-04 20:34:53'),(52,'perspiciatis',4,415.97,93,'1983-10-06 05:52:50','2015-02-16 14:48:29'),(53,'neque',7,274.10,52,'2019-07-02 12:42:19','2002-10-13 18:12:31'),(54,'voluptas',8,7938.28,74,'1974-03-10 15:21:53','1995-01-27 11:09:05'),(55,'voluptas',13,4958.02,54,'2010-03-04 11:49:07','2007-06-09 22:39:55'),(56,'omnis',13,4453.91,9,'1992-11-26 06:45:46','1971-05-18 04:33:38'),(57,'fugiat',7,1062.74,26,'2018-09-01 05:30:48','1976-03-03 23:25:36'),(58,'sed',15,4144.05,7,'2016-05-02 06:00:03','2004-08-01 02:47:12'),(59,'rerum',9,784.16,51,'1994-08-24 06:56:08','2001-10-28 09:29:22'),(60,'qui',21,4632.22,100,'1983-06-09 18:00:44','1995-01-09 22:56:32'),(61,'et',3,9622.58,64,'2006-09-26 22:32:18','1972-05-04 05:09:19'),(62,'doloribus',13,6210.11,3,'1986-10-28 06:36:37','1976-04-09 09:30:10'),(63,'labore',19,175.82,94,'2012-03-18 09:41:50','2000-06-23 03:09:12'),(64,'explicabo',25,1040.33,16,'1984-07-19 09:55:04','1998-05-25 01:25:10'),(65,'aut',10,9841.74,17,'1987-01-12 04:04:19','1986-05-21 15:59:26'),(66,'libero',2,3990.36,49,'2005-08-25 12:33:55','1977-08-04 10:12:35'),(67,'excepturi',10,302.51,45,'1974-07-15 02:36:05','1996-04-18 01:04:05'),(68,'perferendis',18,8230.26,88,'1977-09-22 22:00:03','1981-02-16 05:22:02'),(69,'tempore',15,1500.83,5,'2002-07-04 01:42:28','1991-09-09 12:07:58'),(70,'temporibus',8,2718.10,82,'1978-10-03 11:51:12','2012-09-11 17:40:52'),(71,'iure',2,1705.22,79,'2015-04-08 09:51:01','2015-05-05 08:52:15'),(72,'et',3,2458.67,19,'1990-11-15 05:12:07','2007-04-12 07:06:52'),(73,'quasi',21,1404.13,58,'1973-05-13 21:31:30','1980-06-05 19:54:50'),(74,'unde',2,1981.04,100,'2007-08-02 23:20:26','1991-11-14 09:10:12'),(75,'deserunt',1,6555.19,9,'2016-07-02 12:33:38','1973-08-04 10:10:47'),(76,'beatae',6,7493.41,63,'1987-01-08 02:17:49','1971-12-26 11:54:24'),(77,'repellendus',22,4697.60,56,'1989-03-26 01:09:39','1978-01-26 20:23:35'),(78,'et',15,1153.34,88,'1982-04-04 02:03:20','1980-01-02 23:04:01'),(79,'nesciunt',18,4491.12,61,'2004-09-20 17:13:48','1996-01-09 07:31:35'),(80,'sit',6,4515.79,14,'1992-10-08 03:18:37','2001-08-02 22:20:03'),(81,'quia',25,1819.46,86,'1986-10-22 20:52:19','2001-06-26 08:06:49'),(82,'non',23,1664.43,46,'1989-11-09 17:57:13','1985-06-15 03:15:20'),(83,'cupiditate',9,8908.52,27,'2013-09-18 10:24:50','1988-12-23 05:30:42'),(84,'odit',6,4209.23,84,'1979-09-11 06:27:15','1998-10-28 07:12:59'),(85,'inventore',5,2368.79,24,'2019-04-11 19:37:50','1976-01-26 02:47:48'),(86,'sit',21,8339.63,37,'1987-08-24 04:31:55','2010-04-16 19:37:06'),(87,'laborum',19,7124.43,40,'1974-09-02 16:48:23','1973-02-25 04:50:33'),(88,'nobis',12,1453.29,34,'2010-06-17 13:38:51','1974-07-18 10:15:13'),(89,'autem',10,2078.71,36,'1983-06-04 15:40:47','1994-03-16 10:58:11'),(90,'saepe',3,4758.56,3,'1983-09-19 02:05:38','1987-04-14 08:45:57'),(91,'magni',7,734.46,95,'2014-03-04 08:04:21','2014-02-17 18:41:48'),(92,'expedita',12,935.91,70,'1978-04-19 19:21:45','1970-08-30 16:28:37'),(93,'nisi',16,8665.72,73,'2000-07-22 14:08:10','2012-07-05 12:40:17'),(94,'rem',1,3641.48,53,'2012-12-16 08:35:52','1979-08-06 03:08:01'),(95,'exercitationem',11,9699.20,77,'1981-02-01 03:00:28','2017-07-07 22:43:34'),(96,'corporis',25,2879.21,9,'2018-07-20 21:32:11','2012-06-05 01:02:12'),(97,'neque',3,7145.85,60,'2004-04-18 23:12:33','1997-11-10 14:57:27'),(98,'minima',21,3856.33,4,'1996-12-31 01:12:57','1992-05-22 14:33:06'),(99,'maiores',17,6522.43,40,'1997-06-21 19:49:04','2009-12-04 14:19:53'),(100,'sint',18,2347.49,77,'1987-02-03 16:04:21','1976-02-18 22:37:43');
/*!40000 ALTER TABLE `foods` ENABLE KEYS */;
UNLOCK TABLES;

--
-- Table structure for table `products`
--

DROP TABLE IF EXISTS `products`;
/*!40101 SET @saved_cs_client     = @@character_set_client */;
/*!40101 SET character_set_client = utf8 */;
CREATE TABLE `products` (
  `id` bigint(20) unsigned NOT NULL AUTO_INCREMENT,
  `animal_id` bigint(20) unsigned DEFAULT NULL,
  PRIMARY KEY (`id`),
  KEY `animal_id` (`animal_id`),
  CONSTRAINT `products_ibfk_1` FOREIGN KEY (`animal_id`) REFERENCES `animals` (`id`) ON DELETE SET NULL ON UPDATE CASCADE
) ENGINE=InnoDB AUTO_INCREMENT=26 DEFAULT CHARSET=utf8mb4 COLLATE=utf8mb4_unicode_ci;
/*!40101 SET character_set_client = @saved_cs_client */;

--
-- Dumping data for table `products`
--

LOCK TABLES `products` WRITE;
/*!40000 ALTER TABLE `products` DISABLE KEYS */;
INSERT INTO `products` VALUES (8,1),(2,2),(9,2),(10,2),(3,3),(5,3),(7,3),(18,3),(19,3),(6,4),(11,4),(16,4),(4,5),(12,6),(25,6),(13,7),(17,7),(20,7),(21,7),(23,7),(24,7),(14,8),(15,8),(1,9),(22,9);
/*!40000 ALTER TABLE `products` ENABLE KEYS */;
UNLOCK TABLES;

--
-- Table structure for table `size`
--

DROP TABLE IF EXISTS `size`;
/*!40101 SET @saved_cs_client     = @@character_set_client */;
/*!40101 SET character_set_client = utf8 */;
CREATE TABLE `size` (
  `id` bigint(20) unsigned NOT NULL AUTO_INCREMENT,
  `name` varchar(255) COLLATE utf8mb4_unicode_ci DEFAULT NULL,
  `size_animal` int(10) unsigned NOT NULL,
  PRIMARY KEY (`id`)
) ENGINE=InnoDB AUTO_INCREMENT=11 DEFAULT CHARSET=utf8mb4 COLLATE=utf8mb4_unicode_ci;
/*!40101 SET character_set_client = @saved_cs_client */;

--
-- Dumping data for table `size`
--

LOCK TABLES `size` WRITE;
/*!40000 ALTER TABLE `size` DISABLE KEYS */;
INSERT INTO `size` VALUES (1,'non',37),(2,'voluptatem',43),(3,'debitis',22),(4,'laudantium',12),(5,'et',35),(6,'ut',33),(7,'omnis',29),(8,'iure',45),(9,'quo',9),(10,'ipsum',9);
/*!40000 ALTER TABLE `size` ENABLE KEYS */;
UNLOCK TABLES;

--
-- Table structure for table `smart_feed`
--

DROP TABLE IF EXISTS `smart_feed`;
/*!40101 SET @saved_cs_client     = @@character_set_client */;
/*!40101 SET character_set_client = utf8 */;
CREATE TABLE `smart_feed` (
  `id` bigint(20) unsigned NOT NULL AUTO_INCREMENT,
  `name` varchar(255) COLLATE utf8mb4_unicode_ci DEFAULT NULL,
  `smart_good_id` bigint(20) unsigned DEFAULT NULL,
  `size_id` bigint(20) unsigned DEFAULT NULL,
  `price` decimal(10,2) unsigned DEFAULT NULL,
  `count` int(10) unsigned DEFAULT NULL,
  `created_at` datetime DEFAULT current_timestamp(),
  `updated_at` datetime DEFAULT current_timestamp() ON UPDATE current_timestamp(),
  PRIMARY KEY (`id`),
  KEY `size_id` (`size_id`),
  KEY `smart_good_id` (`smart_good_id`),
  CONSTRAINT `smart_feed_ibfk_1` FOREIGN KEY (`size_id`) REFERENCES `size` (`id`) ON DELETE SET NULL ON UPDATE CASCADE,
  CONSTRAINT `smart_feed_ibfk_2` FOREIGN KEY (`smart_good_id`) REFERENCES `smart_goods` (`id`) ON DELETE SET NULL ON UPDATE CASCADE
) ENGINE=InnoDB AUTO_INCREMENT=101 DEFAULT CHARSET=utf8mb4 COLLATE=utf8mb4_unicode_ci;
/*!40101 SET character_set_client = @saved_cs_client */;

--
-- Dumping data for table `smart_feed`
--

LOCK TABLES `smart_feed` WRITE;
/*!40000 ALTER TABLE `smart_feed` DISABLE KEYS */;
INSERT INTO `smart_feed` VALUES (1,'nobis',4,8,9980.61,34,'2010-08-02 11:23:16','2004-11-17 01:54:27'),(2,'voluptatum',2,6,600.91,13,'2011-09-18 08:01:58','1983-11-01 01:27:27'),(3,'asperiores',8,4,889.59,42,'1979-03-07 05:54:45','2007-12-01 14:58:59'),(4,'eius',9,10,1860.78,86,'1977-07-20 11:42:55','1975-11-03 02:42:49'),(5,'fugiat',3,9,5573.33,76,'2020-10-08 21:13:21','1977-07-14 02:37:44'),(6,'fugiat',5,10,6940.91,13,'1970-03-31 05:58:19','1990-01-10 07:10:12'),(7,'est',8,9,5726.62,89,'2005-10-14 16:21:13','1981-05-18 23:28:45'),(8,'exercitationem',9,9,4025.05,41,'2015-06-22 14:55:57','1976-11-19 11:27:05'),(9,'saepe',1,6,9843.70,1,'1972-11-23 08:23:14','2009-03-24 09:44:42'),(10,'sed',8,7,8783.40,19,'1989-12-18 18:39:47','2015-01-23 12:54:47'),(11,'error',3,3,6097.98,65,'1992-03-25 20:01:52','1991-10-13 10:32:54'),(12,'corrupti',1,5,2592.48,70,'2010-10-14 19:31:25','2003-10-08 07:12:08'),(13,'et',8,6,3078.82,17,'2006-09-19 11:17:19','1977-05-12 18:02:17'),(14,'numquam',5,3,902.63,8,'1970-09-25 09:11:22','1993-03-29 05:23:26'),(15,'quam',6,3,7092.15,8,'1993-06-03 14:51:47','1999-09-27 14:10:44'),(16,'harum',2,9,9836.68,69,'2022-03-13 01:51:12','1971-08-13 16:05:50'),(17,'minus',10,3,9133.51,63,'1984-04-03 16:24:47','1991-09-05 10:12:15'),(18,'nostrum',5,8,2649.77,47,'2016-10-22 12:53:37','1993-12-26 10:53:05'),(19,'reprehenderit',6,4,7513.47,35,'1976-03-07 18:29:56','1999-01-11 06:34:19'),(20,'quod',8,9,5328.25,51,'1987-12-28 02:51:57','1997-06-15 03:29:10'),(21,'est',2,2,3152.90,15,'1976-10-07 17:42:18','1989-05-10 09:37:46'),(22,'incidunt',9,10,33.53,72,'2014-03-25 13:07:26','1985-03-15 02:25:10'),(23,'qui',1,7,2985.96,94,'1973-06-26 16:38:27','1982-04-11 08:48:07'),(24,'quo',8,1,3980.05,51,'2017-01-03 03:57:25','1996-09-04 04:04:26'),(25,'officiis',3,6,1931.30,77,'2004-11-16 22:51:49','1990-03-12 00:35:30'),(26,'dolores',8,6,532.76,57,'1973-10-23 05:13:21','1999-05-31 03:20:48'),(27,'qui',9,9,4881.42,97,'1977-02-12 16:28:06','1998-02-11 16:15:44'),(28,'dolore',10,6,4146.28,88,'1982-06-23 15:48:09','2013-07-19 12:35:22'),(29,'quo',4,4,4856.30,72,'1998-10-17 20:46:09','1983-09-03 06:28:02'),(30,'architecto',9,10,2116.61,24,'1972-08-15 19:54:50','2019-02-04 05:20:26'),(31,'autem',6,1,4319.60,39,'2012-06-29 09:13:56','1974-09-28 02:53:42'),(32,'inventore',9,6,3646.44,22,'1983-09-15 13:30:32','1973-08-14 17:25:42'),(33,'esse',3,3,8486.58,15,'2005-04-07 21:02:04','1993-05-15 01:02:35'),(34,'eum',3,9,8704.75,43,'1973-01-28 21:48:40','1990-02-06 00:20:22'),(35,'reiciendis',6,1,7457.79,71,'1996-10-20 01:28:44','1989-04-19 08:27:10'),(36,'ut',7,8,9995.29,21,'2018-09-13 14:10:49','2006-01-12 06:47:36'),(37,'eveniet',3,6,897.87,56,'1971-08-09 03:02:53','1973-08-10 21:11:24'),(38,'placeat',8,3,9202.38,42,'2007-05-29 22:52:24','2014-10-11 01:01:39'),(39,'occaecati',2,6,1437.76,50,'2000-04-27 10:22:18','2004-10-10 21:26:16'),(40,'reiciendis',4,5,6401.60,10,'1973-11-06 19:05:42','1978-11-05 13:30:53'),(41,'accusantium',2,2,3622.71,72,'2014-09-15 00:49:35','1978-05-30 20:13:25'),(42,'minima',10,1,8424.39,31,'2008-05-12 11:18:18','2011-05-29 23:49:37'),(43,'voluptatum',10,9,3300.14,9,'1987-08-25 06:37:00','2000-05-25 10:22:54'),(44,'ullam',7,4,6432.39,33,'2002-07-10 12:55:11','2011-04-24 16:25:19'),(45,'doloribus',3,6,1004.14,43,'2017-11-21 08:43:39','2021-09-15 05:27:25'),(46,'quo',3,8,853.91,89,'1994-11-17 00:09:45','2015-09-04 07:21:36'),(47,'eum',6,2,1269.50,31,'2018-09-17 22:13:19','2008-12-09 12:47:01'),(48,'ad',4,8,1697.99,71,'2021-08-21 16:56:04','1970-07-25 12:45:58'),(49,'explicabo',4,7,2838.05,20,'1999-02-15 17:29:50','1982-08-08 05:59:17'),(50,'et',7,10,9980.87,17,'1991-04-18 07:33:28','1973-12-22 02:10:57'),(51,'aut',7,4,8898.54,5,'2001-01-13 23:03:42','1993-02-03 15:06:00'),(52,'qui',8,9,1321.03,78,'1974-08-05 14:27:55','2012-06-19 22:02:58'),(53,'omnis',9,6,4934.88,9,'1998-01-29 21:03:54','1982-08-31 15:43:47'),(54,'magni',1,1,2380.41,61,'2007-09-20 09:31:06','1988-12-21 17:44:09'),(55,'et',1,4,4409.37,5,'2006-09-26 05:03:38','1981-03-02 00:31:24'),(56,'earum',5,3,3707.23,67,'2016-09-14 04:44:10','1990-10-19 08:07:26'),(57,'fugiat',6,5,4503.17,10,'1977-04-26 08:38:15','2006-01-25 10:26:45'),(58,'magni',3,5,4176.15,27,'1999-08-23 15:45:34','2020-01-08 18:17:18'),(59,'illum',3,10,3639.16,1,'2005-05-16 10:01:58','1992-07-19 07:27:12'),(60,'quibusdam',9,6,9245.44,12,'2011-05-11 02:01:43','1978-02-17 12:52:47'),(61,'ullam',5,2,888.98,99,'1995-07-17 03:41:10','1981-02-28 12:50:09'),(62,'omnis',3,10,7656.52,14,'1981-03-31 02:30:51','1995-08-30 12:37:18'),(63,'non',3,7,3015.52,58,'1970-05-13 16:19:21','2017-08-31 15:29:47'),(64,'maxime',8,7,2285.98,71,'1978-07-23 09:14:32','1978-06-17 00:52:53'),(65,'quia',3,4,8573.61,72,'1988-08-22 18:01:44','2020-12-06 01:52:01'),(66,'cupiditate',6,9,2920.51,20,'1983-04-22 12:56:17','2013-11-16 12:29:24'),(67,'quibusdam',7,4,4963.89,92,'1995-05-15 14:11:17','1976-09-23 22:26:53'),(68,'nesciunt',7,6,4320.85,20,'2019-09-19 02:22:54','1990-12-13 04:52:55'),(69,'saepe',9,8,5871.89,93,'2007-10-23 05:26:34','2019-06-02 10:38:56'),(70,'alias',6,10,6757.11,44,'2019-09-29 17:27:01','2018-10-22 19:18:14'),(71,'sit',2,1,4716.45,91,'1992-05-30 02:20:11','1996-11-25 15:15:09'),(72,'est',3,7,5053.98,55,'2012-02-09 22:43:25','2013-10-23 12:09:41'),(73,'corrupti',5,6,5727.94,61,'2002-06-26 02:48:58','2002-02-18 00:37:03'),(74,'sed',2,8,4083.78,85,'1983-08-22 02:47:34','2000-05-27 02:08:52'),(75,'sed',5,10,3255.31,9,'2014-08-18 15:59:05','2009-06-16 23:06:38'),(76,'quae',3,10,9403.99,46,'1998-04-08 10:22:45','2000-08-02 05:42:59'),(77,'repellendus',1,6,7915.67,8,'1973-02-03 16:49:41','2001-12-17 00:58:23'),(78,'velit',9,3,7151.47,53,'2016-01-16 19:48:58','1982-09-20 22:13:54'),(79,'qui',2,7,6518.96,32,'1988-02-24 08:54:34','1977-12-20 16:29:50'),(80,'et',9,5,2801.05,12,'1987-11-08 17:41:13','2002-03-14 18:51:02'),(81,'aut',1,5,4593.71,20,'1972-01-08 07:10:47','1986-03-04 16:56:45'),(82,'fuga',3,8,6553.49,53,'2018-02-04 01:30:23','2001-03-01 21:06:55'),(83,'ea',8,10,4944.34,10,'1991-10-04 17:37:30','2021-08-22 10:17:29'),(84,'quaerat',3,7,6283.24,60,'2006-09-10 20:24:18','1986-02-03 11:14:10'),(85,'quia',8,9,8717.24,98,'1978-08-17 06:18:42','1979-06-29 05:38:53'),(86,'voluptas',7,9,7515.94,42,'2003-04-08 11:33:56','1997-05-03 10:40:38'),(87,'reiciendis',10,9,697.87,80,'1995-05-01 09:42:56','1987-06-02 11:24:52'),(88,'velit',5,5,1424.25,24,'1971-09-08 03:53:59','1984-06-06 14:56:31'),(89,'magni',4,6,6721.70,90,'2010-07-24 08:28:25','1994-08-04 13:39:37'),(90,'aut',3,9,8005.86,65,'1999-04-28 08:39:47','2003-09-25 03:51:05'),(91,'omnis',6,6,7993.90,52,'2012-06-04 12:02:30','1983-05-14 13:42:50'),(92,'iure',8,6,522.61,2,'2003-03-21 02:17:18','1996-08-18 15:42:51'),(93,'a',1,7,5008.32,38,'2013-03-02 05:38:06','2013-07-08 19:21:10'),(94,'reprehenderit',8,3,1016.69,46,'2014-11-13 18:19:36','1975-01-31 15:38:39'),(95,'hic',3,7,2157.67,14,'2017-12-08 13:25:42','2000-11-21 01:56:10'),(96,'rerum',7,4,8980.90,22,'1985-07-03 16:55:44','1999-03-12 02:27:07'),(97,'quos',1,10,5352.42,2,'1997-06-18 23:31:56','2002-08-27 23:29:06'),(98,'odio',1,9,6956.99,66,'2005-05-11 01:24:31','2017-04-27 10:32:33'),(99,'sunt',10,4,6026.19,11,'1981-03-24 16:51:54','1970-04-21 07:42:53'),(100,'eaque',6,7,1663.84,43,'1992-10-27 17:48:04','1974-08-23 21:04:21');
/*!40000 ALTER TABLE `smart_feed` ENABLE KEYS */;
UNLOCK TABLES;

--
-- Table structure for table `smart_goods`
--

DROP TABLE IF EXISTS `smart_goods`;
/*!40101 SET @saved_cs_client     = @@character_set_client */;
/*!40101 SET character_set_client = utf8 */;
CREATE TABLE `smart_goods` (
  `id` bigint(20) unsigned NOT NULL AUTO_INCREMENT,
  `name` varchar(255) COLLATE utf8mb4_unicode_ci DEFAULT NULL,
  `product_id` bigint(20) unsigned DEFAULT NULL,
  PRIMARY KEY (`id`),
  KEY `smart_good_name_idx` (`name`),
  KEY `product_id` (`product_id`),
  CONSTRAINT `smart_goods_ibfk_1` FOREIGN KEY (`product_id`) REFERENCES `products` (`id`) ON DELETE SET NULL ON UPDATE CASCADE
) ENGINE=InnoDB AUTO_INCREMENT=11 DEFAULT CHARSET=utf8mb4 COLLATE=utf8mb4_unicode_ci;
/*!40101 SET character_set_client = @saved_cs_client */;

--
-- Dumping data for table `smart_goods`
--

LOCK TABLES `smart_goods` WRITE;
/*!40000 ALTER TABLE `smart_goods` DISABLE KEYS */;
INSERT INTO `smart_goods` VALUES (1,'omnis',12),(2,'veritatis',10),(3,'aspernatur',5),(4,'consequatur',12),(5,'libero',13),(6,'qui',25),(7,'vitae',15),(8,'corrupti',1),(9,'distinctio',21),(10,'consequatur',21);
/*!40000 ALTER TABLE `smart_goods` ENABLE KEYS */;
UNLOCK TABLES;

--
-- Table structure for table `users`
--

DROP TABLE IF EXISTS `users`;
/*!40101 SET @saved_cs_client     = @@character_set_client */;
/*!40101 SET character_set_client = utf8 */;
CREATE TABLE `users` (
  `id` bigint(20) unsigned NOT NULL AUTO_INCREMENT,
  `firstname` varchar(100) COLLATE utf8mb4_unicode_ci DEFAULT NULL,
  `lastname` varchar(100) COLLATE utf8mb4_unicode_ci DEFAULT NULL COMMENT 'Фамилия',
  `email` varchar(100) COLLATE utf8mb4_unicode_ci DEFAULT NULL,
  `password_hash` varchar(100) COLLATE utf8mb4_unicode_ci DEFAULT NULL,
  `phone` bigint(20) DEFAULT NULL,
  `birthday` date DEFAULT NULL,
  `created_at` datetime DEFAULT current_timestamp(),
  `is_deleted` bit(1) DEFAULT b'0',
  PRIMARY KEY (`id`),
  UNIQUE KEY `email` (`email`),
  KEY `users_firstname_lastname_idx` (`firstname`,`lastname`)
) ENGINE=InnoDB AUTO_INCREMENT=101 DEFAULT CHARSET=utf8mb4 COLLATE=utf8mb4_unicode_ci;
/*!40101 SET character_set_client = @saved_cs_client */;

--
-- Dumping data for table `users`
--

LOCK TABLES `users` WRITE;
/*!40000 ALTER TABLE `users` DISABLE KEYS */;
INSERT INTO `users` VALUES (1,'Dedric','Doyle','kayleigh91@example.org','09671aba89a55e1f14bf19d4c6af26ff84b5311c',9901323781,'1976-03-03','2000-01-21 19:12:20','\0'),(2,'Franz','Lemke','eric.ebert@example.com','64aa6293af31cdb8291a0fc1a4120ceed06563b8',9020305218,'1983-12-18','1981-05-31 10:58:55','\0'),(3,'Evans','Christiansen','rlehner@example.org','b9c92e46217a03b4273638172abdc706b57d3c1c',9942973684,'1989-09-02','1972-03-27 07:18:37',''),(4,'Ashleigh','Jacobi','powlowski.tanner@example.com','c97692d0b378dc2458a9c56653a77dbeb37f42df',9984887139,'1991-06-27','1976-04-25 10:19:53','\0'),(5,'Concepcion','Batz','stark.hilma@example.com','7fa120bace7a6c6d4a3476529ffc523ef5ae9717',9028526957,'2002-05-14','1996-03-22 09:50:02',''),(6,'Gay','Batz','malinda.weber@example.com','792a2af2de69506821b1f3616003641594829c55',9500418202,'2005-06-23','1977-01-25 10:19:38','\0'),(7,'Ethyl','Luettgen','tomasa96@example.net','c487558e2839e826fa94322a9609d410afba4c8e',9986553463,'2010-09-06','2001-10-03 02:54:01','\0'),(8,'Sarah','Kassulke','lmckenzie@example.net','d854cfe82c8354170e31fe9c81c97f134aa09be4',9301567521,'1985-09-05','1994-05-13 18:30:12',''),(9,'George','Barrows','rcrist@example.net','81a6c7024629a75ea61f057d41fa08848c4dd191',9231140418,'1995-04-07','2011-04-20 21:06:50',''),(10,'Shanny','Bauch','hipolito.gulgowski@example.net','31f89b4f5dcd7f7c7c3dc6b569113dd3f26100a6',9066995673,'1984-08-22','2005-03-20 00:07:14',''),(11,'Koby','Simonis','abuckridge@example.com','2a9dcf6a39165acc80cbc87be2fc121752b1c00a',9873354131,'1973-10-08','2011-02-17 08:27:31',''),(12,'Julie','Mraz','west.anjali@example.net','415bfd5cd3c2b5bd28ea354288e389b5bef04a8f',9262804093,'2003-06-17','1972-11-26 06:53:20','\0'),(13,'Dorthy','Grant','isenger@example.org','8b6ec97432b59e98c6e663d10fa0f3cbde310d79',9876916426,'2004-06-27','2011-04-04 18:14:25',''),(14,'Edmond','Leffler','citlalli.mayer@example.com','f2d50427b93f4fb718716df87f0ca6b23f299ced',9105137384,'2006-01-05','1998-10-17 10:30:54','\0'),(15,'Porter','Hammes','xfunk@example.com','da6c69aed54648330c799b34bbf0ecb7e98a40cd',9428002577,'1978-06-30','1980-01-29 09:52:00',''),(16,'Erik','Lueilwitz','hoyt.lowe@example.com','aa2c4c2425d4b37ce8a6a9e158ae81e69faef610',9098372996,'2017-03-30','2010-05-23 17:46:29','\0'),(17,'Jed','Schuster','quigley.vanessa@example.com','6f53fba685e6935c86afff006851b506d9e13bff',9155542146,'2017-06-13','1979-04-22 05:40:09',''),(18,'Jadon','Kovacek','ben38@example.net','20dd12d80b9d1b4267abf11af98ee1a792183be3',9394635883,'2019-09-03','1994-02-10 02:17:14',''),(19,'Aubree','Walsh','stephon35@example.com','9b5e67390833e1af09059b1e3690d2668c8e4148',9984301614,'2010-02-01','2002-09-17 06:11:24',''),(20,'Clemens','Ziemann','ibrahim96@example.com','7e93156888e144c6565b8aabfe0bbb57f4652054',9229440434,'1980-06-27','2017-04-16 00:43:08',''),(21,'Madge','Hackett','moshe.olson@example.com','01a996517cbdbfdfcd6eea9dfa9c531d80a6cdbb',9010749319,'2001-08-11','1985-01-20 07:42:47','\0'),(22,'Jewell','Wyman','brody09@example.com','6879db6d107550e3c81aa954254b16387670fb23',9604789009,'1975-10-06','1983-05-22 13:03:21',''),(23,'Margarete','Simonis','jschuster@example.net','b684085bfca129c8ba6d7c35b5f7348e1a27a6c0',9657897785,'2019-03-04','2014-08-07 13:56:25',''),(24,'Garett','Luettgen','mia.turner@example.org','bc9b515d3044c2b9b692085168da4daadc72303a',9680611543,'2011-03-22','1985-11-22 08:11:05',''),(25,'Miles','Kuphal','waters.noble@example.net','ad9e66d6e9456348ff0f1849438c5f0697f3383b',9847389776,'1973-05-09','1974-10-22 16:35:14','\0'),(26,'Noemie','Hills','rempel.rubye@example.net','ac1637bc7675c08e582bbfc722daffa1222ab516',9269276155,'1976-02-08','1974-04-25 03:19:54',''),(27,'Greyson','Kirlin','eladio.smitham@example.net','0b64617b764d7ee16b15e15ea1024bb5095e344d',9825141028,'2017-04-21','2004-01-22 22:01:19',''),(28,'Danny','Collier','mueller.noble@example.net','15dbe05b8d2a5eb15f21adceda940d5e9d9a6f8f',9876555347,'1988-06-08','1973-06-04 15:57:17','\0'),(29,'Lesly','Simonis','ena29@example.com','ba94aaea59eaa31949a98f5b7b9de480f9cca17e',9825652474,'2006-08-17','2013-07-16 08:40:09','\0'),(30,'Keara','Ernser','xbernier@example.net','f16fe0824054f9fb79c66f69e2ce2e7c5f434fea',9000717168,'2016-10-13','2007-03-28 16:52:03',''),(31,'Marlene','Bailey','ibarton@example.com','636b898aa0a81c9df8b98849d0132813bed7abc4',9069836398,'1986-12-19','1972-07-05 19:29:05',''),(32,'Althea','Doyle','leanne13@example.org','f0c4a381b3a346e7a7451e8d591239778a414745',9398395988,'2015-02-02','2016-09-09 19:11:18',''),(33,'Ila','Abernathy','guadalupe.walker@example.com','a3e06f4d3a939af691c3a2f530b2b51bfa02dbe1',9084025686,'1994-10-17','1998-03-31 21:25:33','\0'),(34,'Eldridge','Harvey','watson.howell@example.org','1b531c79372af79fe0a88eab8948ba1041d9c896',9078706788,'2000-10-16','1985-07-25 19:31:58',''),(35,'Hertha','Muller','emely98@example.org','de0517fc2945a81a7f836418e73dda1578b2aa6f',9828367639,'1997-06-16','1979-02-17 16:04:49','\0'),(36,'Joy','Strosin','hintz.koby@example.net','00f4c9db429ef2dd91c67b2a4c017bfac5e1a3c4',9548522995,'1972-02-18','1973-10-11 07:51:27',''),(37,'Gay','Carroll','trutherford@example.net','b0479ea5c67110641c15ea39cd9eee47f9a14124',9695458768,'2021-01-07','1972-12-04 18:20:59',''),(38,'Petra','Reichert','weber.marcelle@example.org','ea1f7d3f357f58da97b30be8fc6057c82875a921',9933686486,'1973-03-06','2010-02-25 10:59:21',''),(39,'Anne','Beier','leuschke.leonie@example.net','5852e99a674e7c19b9724a076221d268d52b6958',9655995799,'2013-10-01','2013-05-22 05:29:54',''),(40,'Norbert','Bartell','ttowne@example.org','02067a41a19fb8938bd06bf79937c0a644395f48',9629676678,'1972-02-03','1975-09-29 23:53:44',''),(41,'Orville','Bailey','kellie65@example.net','526f0dd2d7d3d9beb5b73eccf1733a95a391ec8e',9455001964,'1996-01-11','2007-05-05 18:50:09','\0'),(42,'Kyler','Dickens','lhoppe@example.com','c6142d4fe99a7eb952c946b800d05801e5d68145',9324887498,'1979-06-03','2011-01-13 18:36:38','\0'),(43,'Anais','Gulgowski','kheathcote@example.com','e3f71e7b4437062eb1efffd65ade92cd8ec91047',9988041487,'1994-10-24','2002-01-20 11:33:26','\0'),(44,'Ruby','Durgan','schulist.geoffrey@example.com','5e997eacfc9910826c0f8ee986c0de98c59bde90',9219958192,'1996-08-05','1997-10-22 00:14:16',''),(45,'Fernando','Marks','buckridge.christine@example.net','8ec85c85684f20f1bfe8f15ec4cf91f135be432c',9165802533,'2016-04-07','1994-04-07 02:50:15',''),(46,'Alice','Reinger','jaida02@example.net','00e458fd01318e16e8467562bb194801be374d17',9351107877,'1997-05-19','1974-07-09 14:08:16','\0'),(47,'Bonita','Bradtke','otto50@example.net','4218e81d8735709593bb1a101b1798cf8798138a',9323650411,'1995-04-05','1983-08-15 00:48:56',''),(48,'Emmie','Schumm','amir51@example.com','16b0d9322e879b08d0313a7c0dba94f56a57ce67',9403154932,'2010-01-12','1981-01-26 12:08:58',''),(49,'Hipolito','Shields','harvey.buddy@example.net','e93642a7143499b0930701ad8869a6844851e0d9',9132417667,'1994-04-13','1981-02-14 13:36:04','\0'),(50,'Shanny','Gutmann','sydnee43@example.com','f79937a1eaa75e5f21c00a97d6b74cbf57f9b5e1',9268294881,'1988-01-29','1976-07-23 19:32:44','\0'),(51,'Herman','Greenfelder','gislason.jeffery@example.com','f4389ac851886e9d03ba3af5a35befeb5df187a0',9385683769,'2010-02-21','2009-03-06 02:44:03',''),(52,'Torrance','Cremin','lemke.monte@example.com','3ea221594a81a378d090f28846a1359758e11cc9',9977756129,'1976-10-09','1983-10-27 04:33:54',''),(53,'Yasmeen','Herman','ubode@example.net','044861ca057cf77688a3f8edfb288df24e07b15e',9388746726,'1995-12-16','1992-04-10 22:08:01','\0'),(54,'Leopoldo','Treutel','neal26@example.com','f8c3b75daf1e4df2ef69552dfcdbd981763b3c73',9359175026,'2019-12-20','1992-02-18 01:45:33','\0'),(55,'Candida','Feeney','kamille89@example.org','62a7126ca4fa2b07ce342522713eafa3eb2653a4',9714164941,'1990-07-30','2008-01-22 04:36:57','\0'),(56,'Jared','Gottlieb','batz.hudson@example.org','40ebbb2cd5871273468817d385502a61377a020b',9831824559,'1988-02-22','2006-10-03 01:40:07','\0'),(57,'Nelle','Howe','hickle.cary@example.net','f5f442b51a0c6a77f3431b68543caa0a2c554339',9956982758,'1993-12-07','1992-05-15 18:43:14','\0'),(58,'Rossie','West','beryl30@example.org','c0837021591f63b35b52c2a20879fb8fe67ba5f1',9660991394,'1995-04-29','2013-08-28 09:35:34',''),(59,'Elliott','Gaylord','elwin01@example.com','669abdf292347a100abea95c1512219bc7f344db',9505413749,'1987-07-07','1971-04-03 11:06:05','\0'),(60,'Eryn','Ledner','mossie56@example.net','97e4beead9abb96c72a5bf054a131bde9f79c703',9782811723,'2000-01-17','1976-09-26 01:16:11',''),(61,'Maximillia','Mills','claudia94@example.net','f36f7f22c27cbb6ac58b540e122a7fa39689cdad',9501629436,'2006-09-23','1970-08-17 08:06:02','\0'),(62,'Lottie','Funk','maybelle.bailey@example.org','eadea947bb41157ce9a2d6f3773b2116b2b061c4',9320497933,'2021-01-21','1972-01-31 23:53:43','\0'),(63,'Jedidiah','Runolfsson','urban.jerde@example.org','786b07cd07522d6733432247e99d52db54f9de5a',9287376948,'2008-10-03','2000-07-18 04:15:47','\0'),(64,'Rory','VonRueden','rosamond36@example.com','755aeca491ffcdcc85b89224a6386c5a7eca75f4',9206270747,'1977-04-02','1997-05-22 23:52:33',''),(65,'Devante','Bergstrom','wkoss@example.org','574fa41f0cfa72704d0e485e013eb0d0676c224c',9669216450,'2009-03-19','2019-03-05 19:37:18','\0'),(66,'Maximilian','Lowe','daugherty.daphney@example.com','51b08299ddbccdee515fe2a0985ced1bfdf277fa',9082173711,'1991-11-12','1977-03-15 05:13:05','\0'),(67,'Gertrude','Lubowitz','itzel98@example.net','f76dec21ebf30119ce1e74352298716b38dce26b',9221733122,'1998-07-17','1992-10-03 07:09:20',''),(68,'Dejah','Graham','aufderhar.darrion@example.org','1f805cf0939b5949ec82dfc439a51dd14936bc60',9393352600,'1979-10-16','1995-05-16 15:43:07','\0'),(69,'Edwardo','Kunde','vcollier@example.com','a1e5eb2272bdce6430f4be734a5e3014a0cb05c7',9498672024,'2015-03-16','1971-07-06 20:17:53',''),(70,'Laurel','Abernathy','miller.kirsten@example.net','110bad47ab814d6db81f505089ce750f2805e301',9079980576,'1986-12-28','2015-07-07 23:12:56',''),(71,'Ross','Kreiger','sydney.hackett@example.org','91cf98928087a50277657b0609b12cbc78855086',9169404777,'2019-01-04','1998-04-14 19:02:49',''),(72,'Christop','Ziemann','maryjane14@example.com','d1415b3f009aa09d4ebfd54449c1238b2e5c60dc',9716511950,'1992-03-15','2001-08-25 12:25:12','\0'),(73,'Dorcas','Hoppe','cbode@example.com','d42db6497b877976e8d1ac491203fd24a5aa61c5',9122160275,'2015-01-03','1970-08-10 09:30:38','\0'),(74,'Misael','Sauer','clemens06@example.com','04b9b604b2b57004e56ec9bfd7a14446bc4a9ab6',9770659812,'1976-01-05','1998-02-09 22:15:33',''),(75,'Rosa','Ullrich','estefania.krajcik@example.com','15165a3748028a709c5693fc9ab5a462c3d4be44',9659599255,'2017-08-04','1973-06-10 17:23:01',''),(76,'Beverly','Gottlieb','otha00@example.com','2dd1bb516ceba45061346de03e07fd0a72b73e51',9491027209,'1995-10-08','1997-08-12 04:46:16',''),(77,'Hilma','Huels','keeling.maritza@example.org','cd485a76e109131701a20147b6d0007d5bc09621',9208138496,'1973-07-31','1992-07-14 12:23:33',''),(78,'America','Greenfelder','koepp.braulio@example.com','5332d7f8e1a5df8fa93280f00a01ec8f1a8dba88',9935113816,'1971-10-19','2006-11-18 08:12:37','\0'),(79,'Tad','Braun','elinor59@example.com','80b2aa758bb02ea0534fc78cd0d074a2cc83ade7',9343720703,'1984-12-29','2006-11-25 20:51:14','\0'),(80,'Heaven','Kilback','labadie.ashleigh@example.com','0717a87cdae6e90bf4f40f86fe7f035c77b80212',9620203174,'2011-02-08','2012-06-16 22:57:55','\0'),(81,'Erin','Kassulke','mante.maximilian@example.org','737d296da2bca05ad3fb8c347e9a6082c58f0610',9330472275,'1982-06-09','1989-11-20 19:55:54',''),(82,'Ellen','Stiedemann','arturo78@example.com','9e74ab6f1bea040f2b2b511f8f2c264f479b355c',9854627740,'2005-08-21','2012-06-01 03:42:04',''),(83,'Jermaine','Gerhold','fahey.mekhi@example.net','fbd4d5ece8617d36ca2f6e9d2b8d43fd87e5598b',9183398407,'1978-07-12','1993-02-14 22:39:14','\0'),(84,'Manley','Ankunding','thaddeus.smitham@example.com','8ec16f9cc60636bec2ae3ab6d810eac73af1669c',9216700994,'2011-04-23','2001-02-18 02:59:07',''),(85,'Rosetta','Deckow','towne.lowell@example.net','6c0458c0cae3bc790651dfe47e55520ef550999a',9060832547,'1989-03-13','1985-02-07 01:44:18',''),(86,'Jarvis','Emard','dare.elda@example.net','6286b2339b9358d04744bf1f83fb47abb2bec8fc',9800902666,'1975-02-11','2021-10-21 17:13:41','\0'),(87,'Sophie','Heaney','carroll.ralph@example.com','cccded0206834f562e5c50d1279818930684a728',9385084374,'2005-10-31','1977-08-24 11:46:02','\0'),(88,'Joana','Pfannerstill','lindgren.denis@example.com','dd13d295745a7cdf5eb39ac8f2ccf1f70fea7028',9534825988,'1995-03-23','1975-12-10 10:55:10',''),(89,'Bradford','Lebsack','tara12@example.com','24dd1b2c92c45312ae3854af158f84a6e86778fb',9575671239,'1980-08-23','1976-08-09 21:49:56',''),(90,'Hassan','Daniel','dchristiansen@example.org','8cabd0fe61eca9e59a605b6784abcc75c4cce51b',9019800954,'2000-07-17','1979-08-18 06:11:58','\0'),(91,'Haylie','Hagenes','fabshire@example.org','c193c973f5cfa6019db2a3ecfd43ca03ecfd2ba9',9605080341,'2004-08-09','2016-04-05 08:31:57',''),(92,'Chad','Smith','shirley70@example.org','d042707a60097c7d8ceaaf0c0b4e967ba3086de1',9960451900,'1970-09-01','2002-12-04 01:01:50','\0'),(93,'Florian','Haag','carol00@example.org','1efa956ae8e00bced14eb4cb31160abeca1d3c2b',9190945266,'1980-10-08','1974-12-19 05:52:00','\0'),(94,'Richmond','Jast','orin73@example.org','a436187f6aeaaf45061ca8e4e52cf4f7a531d074',9871223873,'1976-06-08','1978-07-10 17:22:35',''),(95,'June','Kozey','pzulauf@example.com','e2b5f64d3fdf8cba0022ea78fc6fba860f53fffe',9333110061,'1987-10-10','1992-02-03 13:07:51','\0'),(96,'Kailey','O\'Keefe','francesca08@example.net','124c4c325a9b16aba1171c5ff34d950052c7bdae',9937943565,'2019-08-24','2009-10-01 11:46:20','\0'),(97,'Virginie','Wolff','snicolas@example.org','3b626c79bab181bb8ab1ca44812927b5c4260a78',9195458404,'2017-11-14','2012-12-02 09:16:09',''),(98,'Cameron','Moen','zkoss@example.com','70a07ac3bc0d9172bac1f65e59a0160a1ac667cf',9804966089,'1976-08-10','1990-04-14 02:49:30','\0'),(99,'Roger','Jakubowski','lakin.chase@example.org','4c4568b6fa8b01bd4443a0a60ef3f16955f29587',9181026994,'2009-05-19','2007-01-11 04:31:13','\0'),(100,'Nyah','Robel','crist.khalid@example.org','ba797b06260d85e5784e7686e6f4dc1568ab5dbc',9268116460,'2018-05-30','2005-12-23 22:50:24','');
/*!40000 ALTER TABLE `users` ENABLE KEYS */;
UNLOCK TABLES;
/*!40103 SET TIME_ZONE=@OLD_TIME_ZONE */;

/*!40101 SET SQL_MODE=@OLD_SQL_MODE */;
/*!40014 SET FOREIGN_KEY_CHECKS=@OLD_FOREIGN_KEY_CHECKS */;
/*!40014 SET UNIQUE_CHECKS=@OLD_UNIQUE_CHECKS */;
/*!40101 SET CHARACTER_SET_CLIENT=@OLD_CHARACTER_SET_CLIENT */;
/*!40101 SET CHARACTER_SET_RESULTS=@OLD_CHARACTER_SET_RESULTS */;
/*!40101 SET COLLATION_CONNECTION=@OLD_COLLATION_CONNECTION */;
/*!40111 SET SQL_NOTES=@OLD_SQL_NOTES */;

-- Dump completed on 2022-05-01  1:17:23